drug_id,substance_id
1,3
2,4
3,97
4,56
5,5
6,5
7,5
8,5
9,5
10,5
11,5
12,5
13,5
14,5
15,90
16,46
17,1219
18,591
19,1390
20,1321
21,696
22,696
23,882
24,6
25,347
26,9
27,18
28,1123
29,597
30,956
31,30
32,552
33,355
34,549
35,553
36,829
37,553
38,829
39,712
40,30
41,30
42,630
43,39
44,39
45,591
46,1258
47,1258
48,1258
49,1258
50,840
51,20
52,21
53,374
54,1279
55,1279
56,1332
57,77
58,77
59,1203
60,1204
61,23
62,347
63,902
64,1372
65,1373
66,1302
67,1386
68,1260
69,535
70,534
71,489
72,1369
73,480
74,994
75,770
76,770
77,1275
78,1276
79,1507
80,1507
81,93
82,1467
83,611
84,611
85,125
86,1385
87,292
88,1437
89,1418
90,189
91,956
92,1231
93,172
94,173
95,907
96,1038
97,1262
98,26
99,740
100,739
101,740
102,740
103,739
104,740
105,1218
106,32
107,1348
108,638
109,638
110,31
111,1099
112,279
113,32
114,32
115,32
116,1206
117,1036
118,1129
119,1127
120,770
121,770
122,770
123,775
124,771
125,1128
126,956
127,1451
128,155
129,601
130,601
131,1311
132,311
133,187
134,963
135,36
136,1097
137,713
138,713
139,714
140,714
141,1018
142,289
143,31
144,31
145,188
146,31
147,162
148,37
149,37
150,602
151,1475
152,112
153,937
154,318
155,376
156,1489
157,812
158,128
159,608
160,45
161,75
162,45
163,45
164,412
165,200
166,47
167,47
168,47
169,48
170,47
171,47
172,56
173,869
174,870
175,1484
176,51
177,200
178,56
179,57
180,56
181,56
182,1489
183,1490
184,1490
185,56
186,56
187,56
188,56
189,178
190,71
191,72
192,76
193,78
194,28
195,1462
196,305
197,305
198,812
199,1042
200,361
201,82
202,82
203,524
204,1202
205,534
206,534
207,1388
208,1389
209,1046
210,287
211,1228
212,691
213,84
214,84
215,84
216,1020
217,116
218,390
219,386
220,386
221,602
222,1018
223,1091
224,674
225,617
226,571
227,53
228,53
229,1021
230,86
231,844
232,333
233,688
234,1317
235,270
236,1300
237,420
238,206
239,207
240,153
241,894
242,112
243,112
244,1062
245,31
246,1242
247,67
248,90
249,1027
250,1028
251,90
252,90
253,90
254,90
255,90
256,90
257,90
258,90
259,90
260,90
261,90
262,90
263,538
264,91
265,91
266,91
267,1127
268,1127
269,1127
270,1127
271,106
272,309
272,1221
273,1127
274,1133
275,1127
276,1129
277,1127
278,833
279,1206
280,93
281,93
282,93
283,93
284,93
285,93
286,93
287,94
288,46
289,66
290,1279
291,1228
292,387
293,124
294,574
295,1391
296,1228
297,523
298,480
299,1138
300,84
301,480
302,97
303,97
304,97
305,97
306,97
307,336
308,335
309,6
310,1391
311,578
312,578
313,578
314,97
315,786
316,97
317,433
318,28
319,433
320,1316
321,759
322,759
323,1386
324,112
325,112
326,1471
327,1471
328,1471
329,974
330,974
331,974
332,1244
333,1027
334,1025
335,1025
336,1386
337,1024
338,14
339,14
340,101
341,1099
342,1099
343,831
344,1276
345,93
346,1202
347,686
348,237
349,745
350,111
351,94
352,763
353,1027
354,1028
355,1418
356,1368
357,112
358,116
359,112
360,112
361,112
362,112
363,112
364,112
365,112
366,116
367,112
368,114
369,112
370,112
371,112
372,114
373,114
374,114
375,116
376,112
377,1341
378,117
379,118
380,118
381,119
382,112
383,112
384,806
385,807
386,112
387,74
388,74
389,74
390,74
391,196
392,196
393,28
394,960
395,960
396,1488
397,33
398,33
399,1029
400,1029
401,495
402,602
403,90
404,509
405,84
406,765
407,56
408,1302
409,1258
410,1260
411,1018
412,196
413,701
414,768
415,121
416,121
417,121
418,121
419,412
420,415
421,122
422,122
423,335
424,122
425,1020
426,123
427,123
428,108
429,126
430,124
431,126
432,128
433,122
434,128
435,128
436,128
437,128
438,128
439,128
440,128
441,128
442,128
443,129
444,639
445,611
446,1295
447,129
448,187
449,611
450,611
451,1284
452,136
453,1355
454,1355
455,1032
456,1033
457,1032
458,933
459,1262
460,586
461,1242
462,439
463,1034
464,1034
465,1412
466,1412
467,139
468,139
469,138
470,138
471,1098
472,401
473,1067
474,1362
475,79
476,1260
477,1099
478,1099
479,404
480,683
481,150
482,143
483,143
484,1018
485,143
486,151
487,1099
488,22
489,22
490,152
491,206
492,206
493,208
494,208
495,730
496,1231
497,1278
498,809
499,206
500,381
501,925
502,162
503,1195
504,1195
505,1195
506,162
507,1083
508,153
509,161
510,153
511,162
512,161
513,165
514,165
515,1412
516,1412
517,1300
518,128
519,116
520,167
521,167
522,167
523,1321
524,113
525,113
526,167
527,58
528,169
529,169
530,170
531,169
532,169
533,126
534,167
535,167
536,171
537,1322
538,1241
539,1241
540,29
541,73
542,74
543,6
544,461
545,48
546,1157
547,1157
548,196
549,196
550,1118
551,945
552,171
553,1423
554,175
555,503
556,195
557,148
558,1049
559,339
560,564
561,191
562,182
563,363
564,1261
565,1086
566,1294
567,1294
568,925
569,638
570,184
571,365
572,219
573,376
574,376
575,1474
576,905
577,905
578,1392
579,1258
580,1258
581,955
582,1522
583,41
584,41
585,41
586,183
587,183
588,183
589,183
590,183
591,837
592,1018
593,183
594,183
595,186
596,892
597,207
598,1439
599,982
600,1286
601,833
602,139
603,139
604,283
605,283
606,283
607,557
608,557
609,1173
610,1173
611,1206
612,47
613,188
614,188
615,188
616,1424
617,171
618,192
619,192
620,192
621,193
622,1275
623,395
624,616
625,505
626,503
627,710
628,195
629,919
630,46
631,46
632,46
633,649
634,806
635,195
636,960
637,960
638,1508
639,48
640,770
641,770
642,774
643,47
644,48
645,226
646,196
647,196
648,196
649,196
650,196
651,196
652,196
653,196
654,196
655,196
656,196
657,196
658,196
659,196
660,196
661,196
662,196
663,525
664,46
665,201
666,199
667,199
668,773
669,765
670,1132
671,207
672,358
673,196
674,196
675,196
676,207
677,201
678,588
679,210
680,209
681,209
682,209
683,377
684,545
685,221
686,329
687,314
688,226
689,219
690,377
691,220
692,217
693,376
694,214
695,222
696,222
697,227
698,226
699,231
700,231
701,230
702,230
703,31
704,377
705,377
706,1279
707,222
708,377
709,1100
710,238
711,745
712,611
713,290
714,366
715,366
716,366
717,933
718,933
719,933
720,933
721,240
722,240
723,495
724,495
725,1086
726,241
727,241
728,58
729,972
730,255
731,255
732,255
733,1297
734,1297
735,363
736,64
737,1349
738,112
739,62
740,112
741,488
742,69
743,256
744,256
745,256
746,480
747,885
748,258
749,258
750,869
751,869
752,869
753,260
754,260
755,260
756,261
757,167
758,261
759,261
760,261
761,362
762,633
763,38
764,11
765,263
766,263
767,1340
768,263
769,1377
770,265
771,265
772,269
773,278
774,278
775,279
776,279
777,279
778,280
779,280
780,271
781,271
782,271
783,283
784,283
785,281
786,281
787,281
788,268
789,287
790,285
791,287
792,288
793,163
794,157
795,46
796,1270
797,582
798,480
799,409
800,577
801,1249
802,576
803,1289
804,292
805,292
806,873
807,873
808,338
809,18
810,18
811,294
812,1388
813,1389
814,1389
815,248
816,456
817,825
818,296
819,297
820,417
821,301
822,374
823,316
824,116
825,1311
826,939
827,142
828,744
829,318
830,480
831,1161
832,336
833,338
834,1310
835,580
836,1301
837,327
838,327
839,478
840,274
841,274
842,329
843,329
844,329
845,329
846,330
847,329
848,329
849,329
850,345
851,874
852,875
853,1261
854,1261
855,1441
856,214
857,555
858,346
859,336
860,336
861,336
862,336
863,338
864,336
865,336
866,336
867,422
868,336
869,336
870,340
871,340
872,340
873,336
874,337
875,128
876,128
877,343
878,344
879,387
880,345
881,1336
882,1336
883,336
884,336
885,358
886,349
887,349
888,349
889,670
890,349
891,905
892,906
893,349
894,327
895,921
896,921
897,351
898,842
899,528
900,351
901,351
902,351
903,351
904,685
905,353
906,353
907,351
908,353
909,351
910,353
911,351
912,353
913,351
914,353
915,469
916,1322
917,1066
918,418
919,358
920,358
921,363
922,363
923,359
924,360
925,363
926,364
927,363
928,364
929,363
930,1527
931,1525
932,1526
933,363
934,363
935,363
936,363
937,733
938,65
939,116
940,1491
941,982
942,963
943,1094
944,373
945,373
946,373
947,373
948,373
949,378
950,378
951,378
952,378
953,379
954,378
955,1002
956,633
957,1424
958,66
959,63
960,775
961,1099
962,581
963,1091
964,1093
965,310
966,1223
967,992
968,176
969,1127
970,317
971,884
972,871
973,374
974,1123
975,746
976,685
977,685
978,787
979,911
980,911
981,1203
982,1204
983,1203
984,1204
985,1203
986,525
987,188
988,429
989,581
990,1015
991,861
992,162
993,196
994,1203
995,754
996,754
997,754
998,1203
999,485
1000,485
1001,485
1002,180
1003,968
1004,1489
1005,1490
1006,1491
1007,1491
1008,30
1009,60
1010,60
1011,1151
1012,480
1013,1137
1014,910
1015,910
1016,1122
1017,1122
1018,1122
1019,1270
1020,1270
1021,1208
1022,1311
1023,528
1024,1101
1025,1101
1026,286
1027,1067
1028,177
1029,177
1030,1182
1031,147
1032,147
1033,562
1033,563
1034,104
1035,1208
1036,384
1037,670
1038,18
1039,18
1040,1031
1041,1021
1042,212
1043,374
1044,374
1045,390
1046,390
1047,391
1048,390
1049,391
1050,391
1051,390
1052,252
1053,171
1054,1010
1055,395
1056,1304
1057,395
1058,631
1059,1007
1060,1007
1061,1008
1062,1008
1063,1009
1064,352
1065,353
1066,353
1067,353
1068,393
1069,393
1070,393
1071,393
1072,1504
1073,985
1074,1453
1075,1453
1076,1266
1077,112
1078,549
1079,395
1080,395
1081,979
1082,363
1083,397
1084,397
1085,397
1086,397
1087,397
1088,29
1089,398
1090,398
1091,363
1092,399
1093,399
1094,363
1095,374
1096,509
1097,398
1098,495
1099,939
1100,390
1101,390
1102,374
1103,374
1104,375
1105,1042
1106,345
1107,1233
1108,400
1109,400
1110,400
1111,400
1112,402
1113,374
1114,374
1115,407
1116,483
1117,29
1118,580
1119,112
1120,112
1121,112
1122,374
1123,659
1124,480
1125,962
1126,991
1127,991
1128,480
1129,402
1130,363
1131,591
1132,558
1133,1277
1134,474
1135,474
1136,79
1137,617
1138,679
1139,1389
1140,439
1141,363
1142,99
1143,1338
1144,1487
1145,1487
1146,29
1147,146
1148,865
1149,1260
1150,106
1151,1127
1152,1127
1153,309
1154,1127
1155,1127
1156,1127
1157,1127
1158,1127
1159,1127
1160,1129
1161,1127
1162,106
1163,1260
1164,1020
1165,345
1166,1501
1167,831
1168,611
1169,1460
1170,292
1171,638
1172,638
1173,1053
1174,439
1175,686
1176,402
1177,406
1178,406
1179,406
1180,1376
1181,198
1182,198
1183,411
1184,392
1185,1442
1186,307
1187,145
1188,207
1189,417
1190,412
1191,412
1192,412
1193,415
1194,412
1195,412
1196,415
1197,412
1198,416
1199,412
1200,416
1201,416
1202,412
1203,412
1204,412
1205,413
1206,419
1207,414
1208,413
1209,412
1210,416
1211,416
1212,412
1213,428
1214,428
1215,427
1216,428
1217,595
1218,819
1219,647
1220,812
1221,1189
1222,695
1223,694
1224,694
1225,851
1226,480
1227,688
1228,1302
1229,433
1230,433
1231,681
1232,1294
1233,688
1234,687
1235,687
1236,822
1237,1064
1238,68
1239,1164
1240,439
1241,440
1242,363
1243,437
1244,435
1245,441
1246,30
1247,28
1248,1258
1249,464
1250,1420
1251,1149
1252,445
1253,445
1254,446
1255,260
1256,828
1257,452
1258,456
1259,452
1260,452
1261,452
1262,452
1263,452
1264,452
1265,452
1266,452
1267,452
1268,452
1269,439
1270,1375
1271,1488
1272,461
1273,1488
1274,1369
1275,447
1276,25
1277,1167
1278,1369
1279,1066
1280,128
1281,417
1282,350
1283,1397
1284,896
1285,1111
1286,743
1287,501
1288,833
1289,473
1290,474
1291,474
1292,398
1293,395
1294,1361
1295,692
1296,622
1297,1066
1298,1066
1299,1066
1300,1379
1301,1379
1302,964
1303,478
1304,633
1305,381
1306,691
1307,381
1308,479
1309,480
1310,480
1311,480
1312,1074
1313,91
1314,91
1315,481
1316,481
1317,1120
1318,1107
1319,907
1320,1011
1321,1246
1322,1011
1323,1012
1324,1012
1325,484
1326,485
1327,485
1328,486
1329,480
1330,112
1331,211
1332,244
1333,670
1334,670
1335,485
1336,1375
1337,474
1338,489
1339,225
1340,480
1341,412
1342,308
1343,838
1344,838
1345,838
1346,838
1347,248
1348,892
1349,336
1350,752
1351,497
1351,848
1352,207
1353,1161
1354,509
1355,508
1356,423
1357,1423
1358,1335
1359,174
1360,174
1361,471
1362,508
1363,508
1364,643
1365,639
1366,1375
1367,872
1368,485
1369,1320
1370,1321
1371,850
1372,850
1373,510
1374,625
1375,1312
1376,853
1377,591
1378,952
1379,509
1380,249
1381,126
1382,605
1383,1375
1384,187
1385,187
1386,164
1387,837
1388,837
1389,963
1390,66
1391,359
1392,86
1393,346
1394,1368
1395,351
1396,353
1397,530
1398,752
1399,633
1400,517
1401,649
1402,1501
1403,762
1404,442
1405,131
1406,794
1407,1099
1408,1365
1409,1341
1410,1108
1411,1099
1412,1099
1413,928
1414,928
1415,538
1416,914
1417,977
1418,1099
1419,349
1420,1162
1421,1066
1422,90
1423,866
1424,90
1425,1099
1426,1099
1427,207
1428,1261
1429,518
1430,1025
1431,1418
1432,1474
1433,666
1434,1429
1435,519
1436,519
1437,519
1438,519
1439,519
1440,519
1441,519
1442,447
1443,171
1444,31
1445,176
1446,1002
1447,954
1448,476
1449,661
1450,1314
1451,889
1452,519
1453,520
1454,244
1455,96
1456,522
1457,167
1458,167
1459,385
1460,385
1461,527
1462,1334
1463,471
1464,1099
1465,691
1466,374
1467,719
1468,719
1469,1358
1470,1288
1471,28
1472,527
1473,1261
1474,1261
1475,554
1476,528
1477,29
1478,164
1479,555
1480,530
1481,530
1482,1074
1483,531
1484,531
1485,531
1486,531
1487,531
1488,1242
1489,1242
1490,1159
1491,1160
1492,1160
1493,532
1494,367
1495,22
1496,22
1497,1289
1498,97
1499,534
1500,537
1501,537
1502,1011
1503,558
1504,538
1505,34
1506,539
1507,539
1508,982
1509,1369
1510,574
1511,239
1512,495
1513,495
1514,495
1515,580
1516,870
1517,546
1518,547
1519,547
1520,18
1521,18
1522,1066
1523,840
1524,548
1525,260
1526,550
1527,552
1528,554
1529,554
1530,555
1531,554
1532,554
1533,554
1534,555
1535,554
1536,1099
1537,1100
1538,555
1539,1265
1540,557
1541,557
1542,558
1543,196
1544,196
1545,196
1546,1099
1547,1100
1548,554
1549,556
1550,867
1551,867
1552,353
1553,497
1554,1228
1555,1228
1556,1508
1557,573
1558,573
1559,574
1560,574
1561,574
1562,574
1563,574
1564,1099
1565,882
1566,985
1567,538
1568,56
1569,1411
1570,1412
1571,1412
1572,1412
1573,1253
1574,103
1575,1413
1576,1267
1577,576
1578,576
1579,576
1580,576
1581,436
1582,439
1583,439
1584,439
1585,472
1586,1251
1587,1260
1588,1260
1589,874
1590,874
1591,944
1592,218
1593,1302
1594,982
1595,578
1596,346
1597,347
1598,1192
1599,1085
1600,1127
1601,371
1602,631
1603,633
1604,1294
1605,224
1606,224
1607,1300
1608,1270
1609,928
1610,1439
1611,1422
1612,580
1613,580
1614,580
1615,1301
1616,116
1617,116
1618,580
1619,580
1620,580
1621,1301
1622,116
1623,116
1624,1301
1625,580
1626,943
1627,1099
1628,1115
1629,349
1630,587
1631,611
1632,585
1633,586
1634,587
1635,587
1636,587
1637,585
1638,731
1639,644
1640,1008
1641,284
1642,284
1643,812
1644,476
1645,477
1646,960
1647,960
1648,28
1649,537
1650,611
1651,911
1652,139
1653,588
1654,588
1655,226
1656,584
1657,1172
1658,1282
1659,614
1660,864
1661,864
1662,511
1662,560
1663,864
1664,633
1665,439
1666,456
1667,1211
1668,1211
1669,456
1670,1145
1671,1145
1672,590
1673,439
1674,591
1675,592
1676,591
1677,591
1678,149
1679,646
1680,1391
1681,597
1682,597
1683,595
1684,1121
1685,597
1686,864
1687,597
1688,594
1689,595
1690,648
1691,597
1692,597
1693,597
1694,597
1695,594
1696,594
1697,595
1698,812
1699,597
1700,596
1701,595
1702,597
1703,597
1704,597
1705,818
1706,812
1707,597
1708,600
1709,1175
1710,735
1711,680
1712,644
1713,480
1714,602
1715,602
1716,602
1717,1302
1718,603
1719,603
1720,603
1721,603
1722,603
1723,603
1724,633
1725,1484
1726,1484
1727,603
1728,1031
1729,602
1730,858
1731,1066
1732,1002
1733,1002
1734,1002
1735,368
1736,368
1737,1002
1738,935
1739,874
1740,608
1741,607
1742,608
1743,608
1744,471
1745,436
1746,439
1747,633
1748,461
1749,740
1750,48
1751,48
1752,638
1753,1264
1754,638
1755,638
1756,638
1757,638
1758,638
1759,638
1760,336
1761,1066
1762,156
1763,631
1764,874
1765,130
1766,130
1767,611
1768,611
1769,611
1770,611
1771,610
1772,610
1773,611
1774,611
1775,611
1776,611
1777,627
1778,611
1779,611
1780,611
1781,611
1782,611
1783,611
1784,638
1785,611
1786,611
1787,611
1788,612
1789,612
1790,613
1791,613
1792,613
1793,785
1794,46
1795,46
1796,13
1797,617
1798,617
1799,633
1800,633
1801,831
1802,633
1803,629
1804,629
1805,636
1806,1099
1807,639
1808,623
1809,1078
1810,611
1811,638
1812,661
1813,638
1814,638
1815,638
1816,638
1817,126
1818,642
1819,112
1820,611
1821,627
1822,994
1823,631
1824,226
1825,645
1826,382
1827,228
1828,644
1829,876
1830,876
1831,654
1832,650
1833,1363
1834,1363
1835,982
1836,374
1837,650
1838,649
1839,261
1840,753
1841,755
1842,792
1843,336
1844,336
1845,1324
1846,1041
1847,28
1848,29
1849,29
1850,29
1851,653
1852,655
1853,856
1854,651
1855,651
1856,353
1857,353
1858,6
1859,1412
1860,1039
1861,1086
1862,287
1863,1302
1864,1302
1865,1025
1866,1389
1867,357
1868,49
1869,869
1870,869
1871,869
1872,869
1873,162
1874,663
1875,661
1876,1314
1877,664
1878,1314
1879,661
1880,659
1881,74
1882,658
1883,658
1884,658
1885,611
1886,168
1887,515
1888,515
1889,261
1890,611
1891,611
1892,837
1893,831
1894,831
1895,611
1896,611
1897,611
1898,1005
1899,1072
1900,661
1901,662
1902,661
1903,664
1904,611
1905,644
1906,1150
1907,602
1908,677
1909,237
1910,745
1911,815
1912,817
1913,649
1914,675
1915,666
1916,666
1917,668
1918,1095
1919,673
1920,673
1921,1241
1922,684
1923,675
1924,345
1925,345
1926,1429
1927,738
1928,676
1929,1440
1930,1469
1931,1154
1932,1154
1933,958
1934,1123
1935,1099
1936,1319
1937,1325
1938,1319
1939,1193
1940,1319
1941,1319
1942,1319
1943,1319
1944,828
1945,368
1946,678
1947,678
1948,678
1949,564
1950,1309
1951,1421
1952,679
1953,679
1954,679
1955,679
1956,680
1957,679
1958,679
1959,679
1960,679
1961,1369
1962,1342
1963,419
1964,682
1965,681
1966,679
1967,1518
1968,1518
1969,349
1970,1099
1971,481
1972,603
1973,336
1974,339
1975,666
1976,685
1977,188
1978,1099
1979,1100
1980,1199
1981,697
1982,687
1983,688
1984,1220
1985,688
1986,1300
1987,688
1988,1165
1989,364
1990,1061
1991,602
1992,281
1993,281
1994,274
1995,689
1996,689
1997,692
1998,597
1999,978
2000,978
2001,978
2002,978
2003,690
2004,692
2005,692
2006,693
2007,694
2008,1302
2009,978
2010,691
2011,381
2012,690
2013,690
2014,692
2015,520
2016,25
2017,985
2018,978
2019,1315
2020,701
2021,1393
2022,374
2023,910
2024,345
2025,128
2026,1300
2027,287
2028,1316
2029,775
2030,775
2031,410
2032,1169
2033,998
2034,707
2035,707
2036,495
2037,495
2038,1261
2039,336
2040,390
2041,1222
2042,412
2043,412
2044,1270
2045,869
2046,1443
2047,1209
2048,611
2049,611
2050,646
2051,292
2052,611
2053,732
2054,742
2055,731
2056,1018
2057,1018
2058,1414
2059,292
2060,480
2061,528
2062,717
2063,717
2064,718
2065,1326
2066,1363
2067,558
2068,158
2069,1127
2070,905
2071,18
2072,18
2073,1260
2074,819
2075,819
2076,647
2077,812
2078,521
2079,332
2080,234
2081,715
2082,736
2083,572
2084,716
2085,569
2086,1032
2087,709
2088,463
2088,1223
2089,722
2090,1338
2091,1510
2092,1511
2093,1511
2094,721
2095,1232
2096,1232
2097,1232
2098,212
2099,618
2100,1214
2101,292
2102,206
2103,492
2104,1271
2105,778
2106,972
2107,905
2108,1317
2109,740
2110,725
2111,1342
2112,795
2113,795
2114,796
2115,796
2116,796
2117,795
2118,796
2119,796
2120,796
2121,796
2122,796
2123,796
2124,795
2125,795
2126,796
2127,1354
2128,1316
2129,1316
2130,752
2131,760
2132,752
2133,659
2134,660
2135,664
2136,313
2137,1523
2138,1049
2139,749
2140,911
2141,1354
2142,1354
2143,1387
2144,911
2145,911
2146,911
2147,6
2148,960
2149,768
2150,579
2151,769
2152,768
2153,775
2154,1468
2155,1469
2156,775
2157,222
2158,433
2159,377
2160,737
2161,741
2162,1439
2163,837
2164,837
2165,892
2166,705
2167,780
2168,575
2169,779
2170,831
2171,831
2172,781
2173,781
2174,782
2175,781
2176,781
2177,826
2178,969
2179,1363
2180,1363
2181,322
2182,1263
2183,904
2184,904
2185,454
2186,649
2187,1524
2188,703
2189,704
2190,845
2191,845
2192,586
2193,321
2194,321
2195,949
2196,327
2197,1215
2198,789
2199,790
2200,354
2201,1301
2202,94
2203,869
2204,869
2205,1296
2206,465
2207,466
2208,1179
2209,281
2210,1432
2211,433
2212,439
2213,793
2214,793
2215,130
2216,1121
2217,1430
2218,1431
2219,1431
2220,1144
2221,538
2222,473
2223,831
2224,538
2225,869
2226,869
2227,285
2228,883
2229,818
2230,1346
2231,737
2232,651
2233,651
2234,651
2235,531
2236,223
2237,1328
2238,1195
2239,802
2240,371
2241,931
2242,803
2243,803
2244,803
2245,803
2246,803
2247,92
2248,1090
2249,525
2250,985
2251,1300
2252,737
2253,809
2254,746
2255,809
2256,746
2257,809
2258,746
2259,763
2260,763
2261,1019
2262,811
2263,811
2264,811
2265,811
2266,810
2267,811
2268,812
2269,363
2270,1260
2271,1260
2272,831
2273,54
2274,1502
2275,1161
2276,829
2277,829
2278,363
2279,400
2280,400
2281,308
2282,308
2283,530
2284,831
2285,831
2286,831
2287,831
2288,831
2289,831
2290,833
2291,832
2292,834
2293,1155
2294,1262
2295,1262
2296,141
2297,141
2298,1323
2299,882
2300,1444
2301,28
2302,984
2303,982
2304,1302
2305,1301
2306,1302
2307,5
2308,978
2309,1302
2310,1459
2311,982
2312,839
2313,844
2314,1417
2315,1302
2316,982
2317,1484
2318,374
2319,519
2320,519
2321,74
2322,844
2323,844
2324,524
2325,56
2326,1066
2327,809
2328,842
2329,766
2330,1054
2331,867
2332,165
2333,1262
2334,513
2335,513
2336,513
2337,1228
2338,841
2339,1516
2340,974
2341,1429
2342,349
2343,349
2344,349
2345,349
2346,349
2347,349
2348,349
2349,349
2350,349
2351,184
2352,1191
2353,1334
2354,456
2355,378
2356,378
2357,1460
2358,1206
2359,46
2360,89
2361,1300
2362,1300
2363,1300
2364,869
2365,336
2366,339
2367,340
2368,1243
2369,1143
2370,304
2371,824
2372,843
2373,844
2374,844
2375,844
2376,844
2377,844
2378,1418
2379,1188
2380,1188
2381,1188
2382,1329
2383,1188
2384,1188
2385,336
2386,339
2387,631
2388,631
2389,452
2390,1369
2391,1432
2392,253
2393,1066
2394,112
2395,851
2396,1388
2397,1389
2398,1388
2399,1388
2400,851
2401,206
2402,855
2403,1099
2404,48
2405,854
2406,855
2407,1086
2408,855
2409,1086
2410,1086
2411,1099
2412,855
2413,855
2414,349
2415,349
2416,363
2417,1262
2418,659
2419,660
2420,1425
2421,857
2422,857
2423,857
2424,857
2425,857
2426,857
2427,1425
2428,914
2429,905
2430,112
2431,410
2432,1086
2433,1243
2434,374
2435,374
2436,870
2437,206
2438,28
2439,860
2440,860
2441,815
2442,816
2443,1066
2444,279
2445,861
2446,861
2447,861
2448,861
2449,861
2450,861
2451,861
2452,861
2453,861
2454,1099
2455,1427
2456,862
2457,561
2458,864
2459,370
2460,1300
2461,863
2462,526
2463,901
2464,867
2465,864
2466,864
2467,864
2468,864
2469,186
2470,274
2471,273
2472,970
2473,228
2474,866
2475,865
2476,348
2477,867
2478,867
2479,882
2480,871
2481,529
2482,529
2483,875
2484,874
2485,874
2486,875
2487,875
2488,874
2489,880
2490,874
2491,881
2492,873
2493,875
2494,875
2495,875
2496,1099
2497,194
2498,190
2499,897
2500,388
2501,300
2502,202
2503,538
2504,1356
2505,621
2506,624
2507,1369
2508,892
2509,536
2510,13
2511,336
2512,28
2513,892
2514,892
2515,980
2516,892
2517,894
2518,894
2519,894
2520,894
2521,1260
2522,1260
2523,97
2524,690
2525,1300
2526,476
2527,605
2528,1098
2529,1300
2530,112
2531,590
2532,112
2533,112
2534,112
2535,112
2536,583
2537,1300
2538,581
2539,1202
2540,1300
2541,1300
2542,251
2543,112
2544,115
2545,1070
2546,869
2547,900
2548,196
2549,196
2550,680
2551,1422
2552,1175
2553,1417
2554,868
2555,868
2556,894
2557,228
2558,910
2559,911
2560,1049
2561,749
2562,1065
2563,869
2564,70
2565,345
2566,347
2567,56
2568,1099
2569,869
2570,424
2571,1000
2572,604
2573,1025
2574,476
2575,1242
2576,593
2577,593
2578,311
2579,1131
2580,1127
2581,1130
2582,1425
2583,84
2584,345
2585,347
2586,346
2587,347
2588,1001
2589,1099
2590,1099
2591,1100
2592,905
2593,1099
2594,1100
2595,1099
2596,244
2597,910
2598,28
2599,911
2600,748
2601,114
2602,909
2603,910
2604,911
2605,910
2606,911
2607,743
2608,1099
2609,31
2610,912
2611,1018
2612,913
2613,1290
2614,206
2615,910
2616,911
2617,910
2618,28
2619,917
2620,767
2621,809
2622,746
2623,948
2624,1241
2625,1242
2626,188
2627,915
2628,915
2629,915
2630,1365
2631,1208
2632,167
2633,866
2634,867
2635,978
2636,1366
2637,1206
2638,1305
2639,349
2640,349
2641,752
2642,752
2643,752
2644,993
2645,1099
2646,1100
2647,909
2648,1495
2649,1277
2650,1227
2651,40
2652,937
2653,453
2654,455
2655,920
2656,349
2657,1098
2658,1061
2659,1272
2660,291
2661,144
2662,940
2663,939
2664,1099
2665,925
2666,925
2667,934
2668,925
2669,924
2670,939
2671,925
2672,941
2673,923
2674,942
2675,942
2676,923
2677,939
2678,487
2679,939
2680,930
2681,1025
2682,264
2683,1210
2684,1134
2685,346
2686,346
2687,1369
2688,947
2689,947
2690,947
2691,947
2692,670
2693,963
2694,946
2695,486
2696,486
2697,1199
2698,495
2699,1208
2700,1208
2701,1208
2702,1228
2703,591
2704,447
2705,1264
2706,911
2707,412
2708,349
2709,349
2710,349
2711,269
2712,1202
2713,1202
2714,982
2715,461
2716,974
2717,974
2718,284
2719,1114
2720,412
2721,697
2722,1300
2723,1170
2724,882
2725,882
2726,666
2727,611
2728,611
2729,18
2730,972
2731,1199
2732,1099
2733,286
2734,287
2735,960
2736,993
2737,959
2738,276
2739,276
2740,31
2741,957
2742,734
2743,1228
2744,989
2745,959
2746,28
2747,531
2748,572
2749,960
2750,1302
2751,960
2752,1500
2753,960
2754,960
2755,960
2756,960
2757,960
2758,961
2759,960
2760,960
2761,960
2762,962
2763,960
2764,963
2765,963
2766,963
2767,963
2768,963
2769,963
2770,963
2771,674
2772,87
2773,97
2774,1500
2775,83
2776,673
2777,809
2778,842
2779,965
2780,965
2781,1262
2782,963
2783,960
2784,972
2785,972
2786,349
2787,688
2788,1099
2789,1100
2790,410
2791,1020
2792,916
2793,916
2794,972
2795,972
2796,972
2797,972
2798,973
2799,972
2800,971
2801,972
2802,971
2803,972
2804,982
2805,831
2806,831
2807,1225
2808,93
2809,1066
2810,1066
2811,999
2812,978
2813,978
2814,986
2815,987
2816,987
2817,987
2818,987
2819,988
2820,987
2821,982
2822,987
2823,987
2824,987
2825,1004
2826,1001
2827,1002
2828,1002
2829,1002
2830,1002
2831,1002
2832,1002
2833,990
2834,960
2835,112
2836,974
2837,580
2838,1402
2839,1005
2840,1006
2841,673
2842,1008
2843,494
2844,1344
2845,831
2846,1213
2847,1213
2848,1011
2849,1012
2850,495
2851,1013
2852,1014
2853,196
2854,1363
2855,657
2856,1029
2857,903
2858,936
2859,1248
2860,1418
2861,207
2862,692
2863,439
2864,437
2865,407
2866,765
2867,55
2868,869
2869,1016
2870,1017
2871,1018
2872,116
2873,1018
2874,1018
2875,12
2876,136
2877,136
2878,1019
2879,1019
2880,1019
2881,1027
2882,1199
2883,1198
2884,880
2885,1020
2886,1020
2887,1020
2888,1021
2889,1022
2890,544
2891,544
2892,811
2893,963
2894,783
2895,1027
2896,1027
2897,1029
2898,1029
2899,1025
2900,1027
2901,1025
2902,1026
2903,1025
2904,1025
2905,1025
2906,1027
2907,1328
2908,656
2909,857
2910,826
2911,828
2912,1027
2913,1028
2914,1027
2915,1330
2916,302
2917,28
2918,586
2919,1066
2920,1020
2921,1337
2922,960
2923,960
2924,1025
2925,161
2926,960
2927,960
2928,74
2929,74
2930,1029
2931,1029
2932,1029
2933,1030
2934,910
2935,46
2936,46
2937,248
2938,1320
2939,1321
2940,667
2941,315
2942,1033
2943,1032
2944,1032
2945,1400
2946,611
2947,1080
2948,319
2949,320
2950,356
2951,888
2952,861
2953,1035
2954,1135
2955,1403
2956,854
2957,1066
2958,576
2959,1038
2960,1340
2961,336
2962,339
2963,340
2964,902
2965,980
2966,1369
2967,1040
2968,1042
2969,1066
2970,1045
2971,1045
2972,1045
2973,1048
2974,1459
2975,1025
2976,1459
2977,311
2978,1025
2979,1511
2980,377
2981,1260
2982,278
2983,1505
2984,126
2985,1050
2986,1396
2987,196
2988,1376
2989,1037
2990,1070
2991,112
2992,831
2993,320
2994,108
2995,837
2996,1386
2997,1386
2998,320
2999,1071
3000,1056
3001,480
3002,480
3003,480
3004,818
3005,926
3006,692
3007,1199
3008,1199
3009,1199
3010,59
3011,120
3012,383
3013,1412
3014,666
3015,1288
3016,939
3017,1057
3018,346
3019,205
3020,867
3021,1369
3022,1086
3023,558
3024,558
3025,559
3026,1412
3027,1412
3028,1300
3029,417
3030,892
3031,1060
3032,1060
3033,1060
3034,1060
3035,1058
3036,1058
3037,1058
3038,1058
3039,1058
3040,1058
3041,1058
3042,1058
3043,1059
3044,1059
3045,1059
3046,408
3047,959
3048,1068
3049,1069
3050,1063
3051,1064
3052,86
3053,1065
3054,1065
3055,1065
3056,1065
3057,1065
3058,322
3059,323
3060,1066
3061,1066
3062,1066
3063,1066
3064,1067
3065,1068
3066,1068
3067,1068
3068,1068
3069,1068
3070,1073
3071,1147
3072,1242
3073,285
3074,287
3075,1272
3076,1109
3077,1300
3078,1072
3079,698
3080,698
3081,698
3082,407
3083,54
3084,495
3085,495
3086,56
3087,1373
3088,1373
3089,207
3090,723
3091,1075
3092,1076
3093,1075
3094,1521
3095,56
3096,1342
3097,1342
3098,124
3099,1500
3100,56
3101,56
3102,1104
3103,880
3104,287
3105,56
3106,243
3107,243
3108,1300
3109,1078
3110,1078
3111,1086
3112,1086
3113,1086
3114,1230
3115,1067
3116,56
3117,56
3118,426
3119,426
3120,775
3121,194
3122,430
3123,597
3124,364
3125,702
3126,279
3127,279
3128,611
3129,1260
3130,1260
3131,128
3132,842
3133,1050
3134,879
3135,899
3136,889
3137,1486
3138,1486
3139,1486
3140,964
3141,493
3142,770
3143,1222
3144,770
3145,770
3146,772
3147,770
3148,770
3149,770
3150,770
3151,1485
3152,1485
3153,1485
3154,1484
3155,568
3156,215
3157,837
3158,1079
3159,1086
3160,1086
3161,299
3162,207
3163,196
3164,196
3165,1261
3166,424
3167,725
3168,196
3169,196
3170,1082
3171,1083
3172,1386
3173,681
3174,791
3175,298
3176,1101
3177,1099
3178,1261
3179,1102
3180,1102
3181,471
3182,471
3183,349
3184,349
3185,483
3186,483
3187,1030
3188,839
3189,1084
3190,1086
3191,1087
3192,1087
3193,1086
3194,1086
3195,1086
3196,1086
3197,1086
3198,1094
3199,1086
3200,46
3201,1086
3202,700
3203,700
3204,700
3205,107
3206,196
3207,196
3208,1484
3209,1484
3210,1484
3211,1484
3212,1484
3213,1484
3214,1484
3215,1484
3216,1484
3217,1484
3218,1091
3219,1093
3220,1094
3221,1091
3222,1089
3223,1090
3224,1090
3225,1090
3226,1091
3227,1091
3228,1093
3229,1094
3230,1090
3231,1094
3232,1086
3233,1097
3234,580
3235,1294
3236,1098
3237,814
3238,229
3239,1099
3240,1099
3241,1100
3242,1099
3243,1374
3244,801
3245,801
3246,669
3247,344
3248,132
3249,1101
3250,1101
3251,1101
3252,1101
3253,1101
3254,1101
3255,1101
3256,1103
3257,1101
3258,1101
3259,1101
3260,1103
3261,31
3262,31
3263,508
3264,508
3265,1523
3266,1196
3267,486
3268,1425
3269,889
3270,889
3271,1099
3272,1279
3273,533
3274,805
3275,484
3276,485
3277,189
3278,98
3279,490
3280,415
3281,377
3282,939
3283,1418
3284,277
3285,394
3286,1023
3287,1091
3288,1093
3289,47
3290,1369
3291,232
3292,925
3293,886
3294,480
3295,478
3296,634
3297,1260
3298,1106
3299,841
3300,841
3301,115
3302,48
3303,869
3304,161
3305,27
3306,1392
3307,31
3308,31
3309,1234
3310,433
3311,571
3312,1258
3313,331
3314,1107
3315,1052
3316,341
3317,457
3318,1512
3319,1510
3320,1510
3321,1510
3322,1510
3323,1510
3324,677
3325,924
3326,840
3327,840
3328,1108
3329,1108
3330,1108
3331,1108
3332,1108
3333,1108
3334,1085
3335,1108
3336,650
3337,273
3338,1195
3339,1195
3340,1333
3341,1113
3342,756
3343,757
3344,1170
3345,1170
3346,1116
3347,1117
3348,1086
3349,1086
3350,910
3351,1123
3352,495
3353,495
3354,246
3355,1118
3356,1105
3357,519
3358,381
3359,439
3360,1378
3361,1379
3362,1379
3363,1257
3364,1119
3365,1120
3366,1119
3367,1120
3368,1119
3369,1121
3370,1121
3371,1127
3372,1127
3373,1127
3374,1127
3375,1223
3376,1158
3377,1127
3378,1129
3379,1127
3380,775
3381,1127
3382,633
3383,1128
3384,633
3385,1138
3386,1123
3387,1123
3388,1123
3389,1123
3390,1123
3391,1125
3392,1123
3393,1124
3394,1123
3395,1127
3396,1127
3397,1127
3398,846
3399,1231
3400,1119
3401,615
3402,1139
3403,960
3404,960
3405,1118
3406,1135
3407,1135
3407,1415
3408,1415
3409,1389
3410,1118
3411,1118
3412,475
3413,1141
3414,1142
3415,1141
3416,893
3417,1515
3418,1152
3419,1144
3420,1144
3421,1144
3422,480
3423,389
3424,439
3425,525
3426,1099
3427,1099
3428,1100
3429,827
3430,784
3431,974
3432,244
3433,711
3434,586
3435,586
3436,1350
3437,1150
3438,901
3439,1151
3440,1003
3441,933
3442,982
3443,470
3444,515
3445,515
3446,516
3447,480
3448,480
3449,274
3450,274
3451,275
3452,869
3453,485
3454,1025
3455,188
3456,100
3457,1157
3458,960
3459,926
3460,235
3461,235
3462,1321
3463,1321
3464,1321
3465,1321
3466,1321
3467,1321
3468,1321
3469,90
3470,1336
3471,192
3472,56
3473,809
3474,746
3475,1161
3476,981
3477,1099
3478,1099
3479,1169
3480,1168
3481,918
3482,1236
3483,750
3484,1171
3485,1171
3486,1171
3487,1163
3488,1163
3489,1203
3490,1078
3491,1175
3492,1175
3493,1175
3494,1175
3495,1175
3496,1175
3497,1175
3498,657
3499,90
3500,668
3501,1169
3502,1300
3503,761
3504,740
3505,363
3506,929
3507,932
3508,1271
3509,363
3510,363
3511,589
3512,890
3513,396
3514,820
3515,1178
3516,634
3517,1443
3518,1091
3519,1093
3520,1181
3521,1180
3522,597
3523,1181
3524,1181
3525,1181
3526,1181
3527,1181
3528,1181
3529,1181
3530,1121
3531,15
3532,956
3533,28
3534,1125
3535,1183
3536,1183
3537,880
3538,1185
3539,1184
3540,1186
3541,1184
3542,1374
3543,1200
3544,1206
3545,345
3546,345
3547,1200
3548,1202
3549,1202
3550,1202
3551,1202
3552,1202
3553,1202
3554,1123
3555,97
3556,1206
3557,1206
3558,1203
3559,1203
3560,1205
3561,1203
3562,1203
3563,1203
3564,345
3565,346
3566,1206
3567,1090
3568,1203
3569,1206
3570,1203
3571,201
3572,1293
3573,946
3574,946
3575,902
3576,910
3577,911
3578,901
3579,60
3580,787
3581,240
3582,1300
3583,997
3584,278
3585,597
3586,396
3587,322
3588,1380
3589,925
3590,934
3591,672
3592,996
3593,996
3594,950
3595,1497
3596,233
3597,587
3598,1220
3599,1300
3600,278
3601,891
3602,1461
3603,620
3604,333
3605,652
3606,910
3607,830
3608,1367
3609,1367
3610,671
3611,602
3612,285
3613,726
3614,476
3615,1208
3616,1208
3617,1208
3618,1123
3619,602
3620,458
3621,159
3622,160
3623,1214
3624,1214
3625,1214
3626,1172
3627,1172
3628,181
3629,602
3630,1374
3631,500
3632,836
3633,1
3634,865
3635,1375
3636,458
3637,38
3638,1217
3639,1161
3640,729
3641,1216
3642,770
3643,112
3644,788
3645,976
3646,993
3647,1204
3648,1211
3649,456
3650,1120
3651,213
3652,1260
3653,517
3654,920
3655,196
3656,196
3657,196
3658,724
3659,248
3660,248
3661,197
3662,708
3663,197
3664,482
3665,1051
3666,1401
3667,1252
3668,1224
3669,1136
3670,443
3670,562
3670,849
3671,439
3672,1156
3673,1228
3674,1369
3675,1228
3676,1228
3677,1228
3678,1229
3679,1228
3680,1229
3681,1228
3682,1228
3683,1229
3684,783
3685,580
3686,1367
3687,1231
3688,910
3689,910
3690,1245
3691,272
3692,572
3693,460
3694,985
3695,215
3696,480
3697,480
3698,597
3699,1241
3700,112
3701,956
3702,509
3703,1165
3704,1244
3705,1235
3706,68
3707,751
3708,1236
3709,750
3710,56
3711,1243
3712,1243
3713,1243
3714,1243
3715,1243
3716,1245
3717,1199
3718,852
3719,1327
3720,97
3721,1300
3722,1245
3723,1244
3724,864
3725,336
3726,1300
3727,1261
3728,128
3729,381
3730,698
3731,829
3732,1300
3733,87
3734,257
3735,1018
3736,1018
3737,1018
3738,1308
3739,433
3740,581
3741,1254
3742,859
3743,1203
3744,519
3745,1513
3746,533
3747,1414
3748,1414
3749,1414
3750,864
3751,914
3752,518
3753,1020
3754,1246
3755,673
3756,673
3757,673
3758,439
3759,439
3760,1458
3761,861
3762,524
3763,451
3764,1243
3765,226
3766,818
3767,42
3768,1267
3769,196
3770,196
3771,808
3772,978
3773,551
3774,1514
3775,1514
3776,244
3777,792
3778,433
3779,960
3780,1343
3781,1091
3782,1091
3783,336
3784,336
3785,416
3786,1261
3787,1138
3788,1138
3789,483
3790,904
3791,904
3792,1452
3793,196
3794,196
3795,196
3796,727
3797,735
3798,282
3799,887
3800,1260
3801,1260
3802,1260
3803,154
3804,349
3805,1384
3806,29
3807,1260
3808,1260
3809,1260
3810,1255
3811,611
3812,823
3813,32
3814,1188
3815,1187
3816,1187
3817,137
3818,137
3819,196
3820,659
3821,922
3822,1260
3823,1259
3824,1258
3825,1258
3826,1258
3827,1260
3828,1257
3829,1257
3830,1260
3831,1260
3832,1260
3833,1260
3834,1260
3835,1260
3836,1260
3837,1260
3838,1260
3839,1260
3840,1066
3841,349
3842,153
3843,1263
3844,1262
3845,1261
3846,1261
3847,1261
3848,1261
3849,1261
3850,1261
3851,1261
3852,1261
3853,1261
3854,1261
3855,1261
3856,1261
3857,1261
3858,1261
3859,1261
3860,1261
3861,1261
3862,1261
3863,1263
3864,1263
3865,1263
3866,1262
3867,1263
3868,1261
3869,1262
3870,1261
3871,1264
3872,1002
3873,207
3874,1265
3875,572
3876,572
3877,639
3878,639
3879,281
3880,281
3881,1367
3882,1115
3883,207
3884,972
3885,1268
3886,1268
3887,1268
3888,345
3889,347
3890,1270
3891,637
3892,581
3893,1271
3894,16
3895,1270
3896,581
3897,1270
3898,1270
3899,1270
3900,1270
3901,17
3902,1270
3903,1270
3904,1270
3905,1270
3906,1270
3907,1271
3908,582
3909,581
3910,581
3911,1239
3912,1240
3913,1240
3914,581
3915,581
3916,112
3917,113
3918,1347
3919,1270
3920,1270
3921,48
3922,809
3923,746
3924,56
3925,1243
3926,1261
3927,1272
3928,1272
3929,1272
3930,1272
3931,461
3932,581
3933,489
3934,537
3935,358
3936,1260
3937,1029
3938,1099
3939,1261
3940,1273
3941,581
3942,581
3943,582
3944,436
3945,439
3946,439
3947,439
3948,439
3949,1419
3950,1099
3951,1503
3952,611
3953,611
3954,207
3955,207
3956,207
3957,1370
3958,1244
3959,439
3960,1342
3961,1161
3962,638
3963,1279
3964,1279
3965,1281
3966,639
3967,639
3968,640
3969,606
3970,974
3971,974
3972,974
3973,877
3974,242
3975,878
3976,1357
3977,14
3978,101
3979,1471
3980,321
3981,321
3982,1084
3983,1084
3984,349
3985,608
3986,278
3987,972
3988,363
3989,420
3990,46
3991,633
3992,911
3993,37
3994,525
3995,1020
3996,1020
3997,835
3998,969
3999,803
4000,334
4001,70
4002,452
4003,776
4004,1228
4005,1099
4006,507
4007,1140
4008,504
4009,286
4010,286
4011,768
4012,1337
4013,665
4014,1381
4015,1272
4016,844
4017,1176
4018,1177
4019,1465
4020,1337
4021,345
4022,1294
4023,663
4024,241
4025,184
4026,99
4027,279
4028,301
4029,1043
4030,425
4031,196
4032,1287
4033,1280
4034,639
4035,639
4036,639
4037,1280
4038,1281
4039,639
4040,1288
4041,1228
4042,346
4043,347
4044,347
4045,1228
4046,1229
4047,1228
4048,1229
4049,345
4050,1500
4051,1228
4052,1228
4053,1288
4054,1139
4055,1288
4056,1288
4057,1101
4058,1101
4059,1290
4060,1290
4061,1290
4062,1091
4063,1092
4064,1093
4065,1292
4066,436
4067,554
4068,1260
4069,90
4070,90
4071,525
4072,400
4073,701
4074,701
4075,701
4076,701
4077,1099
4078,1294
4079,1295
4080,1294
4081,1295
4082,1294
4083,1294
4084,1294
4085,1294
4086,346
4087,1302
4088,982
4089,881
4090,1299
4091,982
4092,1300
4093,1300
4094,1300
4095,1300
4096,1300
4097,1300
4098,1300
4099,1300
4100,1300
4101,1301
4102,1174
4103,1174
4104,1301
4105,207
4106,1027
4107,1027
4108,1027
4109,1028
4110,1075
4111,8
4112,498
4113,898
4114,1302
4115,982
4116,1206
4117,1438
4118,1203
4119,207
4120,207
4121,90
4122,1302
4123,982
4124,1302
4125,1302
4126,1302
4127,1302
4128,1302
4129,1302
4130,1303
4131,982
4132,982
4133,982
4134,982
4135,982
4136,983
4137,982
4138,372
4139,1339
4140,1376
4141,1300
4142,1300
4143,1181
4144,566
4145,124
4146,609
4147,609
4148,1450
4149,459
4150,1226
4151,491
4152,1484
4153,1484
4154,1483
4155,1483
4156,1484
4157,1484
4158,1484
4159,1484
4160,1088
4161,461
4162,1099
4163,1306
4164,1307
4165,1307
4166,1307
4167,1307
4168,1307
4169,1307
4170,1306
4171,1306
4172,1306
4173,1306
4174,1306
4175,1306
4176,1306
4177,1306
4178,1306
4179,1306
4180,1306
4181,1306
4182,1306
4183,1311
4184,1328
4185,1306
4186,632
4187,754
4188,847
4189,1292
4190,54
4191,1139
4192,412
4193,416
4194,558
4195,54
4196,1340
4197,1340
4198,312
4199,1340
4200,1376
4201,1340
4202,688
4203,412
4204,752
4205,869
4206,869
4207,839
4208,940
4209,923
4210,924
4211,940
4212,35
4213,1389
4214,1126
4215,1341
4216,1341
4217,1341
4218,854
4219,835
4220,438
4221,135
4222,1190
4223,1412
4224,831
4225,1343
4226,1343
4227,1386
4228,1201
4229,1345
4230,353
4231,1300
4232,347
4233,920
4234,1132
4235,1132
4236,1132
4237,267
4238,1099
4239,1436
4240,1433
4241,1435
4242,1128
4243,831
4244,321
4245,831
4246,611
4247,611
4248,663
4249,380
4250,578
4251,369
4252,1300
4253,1300
4254,1300
4255,1455
4256,434
4257,434
4258,864
4259,46
4260,1078
4261,1466
4262,631
4263,632
4264,412
4265,831
4266,953
4267,1270
4268,1523
4269,154
4270,274
4271,274
4272,274
4273,634
4274,110
4275,635
4276,634
4277,634
4278,634
4279,634
4280,80
4281,81
4282,80
4283,80
4284,80
4285,80
4286,80
4287,206
4288,1096
4289,1294
4290,46
4291,377
4292,688
4293,1336
4294,1351
4295,1351
4296,1351
4297,1351
4298,1352
4299,1351
4300,1351
4301,1351
4302,1351
4303,1351
4304,978
4305,480
4306,54
4307,1161
4308,374
4309,1365
4310,1365
4311,1365
4312,412
4313,412
4314,412
4315,869
4316,869
4317,405
4318,698
4319,204
4320,1363
4321,1364
4322,1047
4323,1353
4324,197
4325,197
4326,44
4327,1055
4328,619
4329,349
4330,821
4331,895
4332,882
4333,1139
4334,1369
4335,1369
4336,1369
4337,1369
4338,1369
4339,1370
4340,328
4341,328
4342,1418
4343,758
4344,139
4345,874
4346,875
4347,875
4348,196
4349,196
4350,1383
4351,1153
4352,345
4353,1369
4354,1371
4355,5
4356,1374
4357,1374
4358,1374
4359,1030
4360,1030
4361,857
4362,921
4363,1425
4364,149
4365,149
4366,149
4367,149
4368,1428
4369,812
4370,598
4371,1383
4372,1383
4373,1383
4374,1148
4375,874
4376,1169
4377,907
4378,1118
4379,474
4380,1169
4381,1168
4382,1169
4383,133
4384,431
4385,2
4386,1331
4387,451
4388,1146
4389,166
4390,380
4391,1256
4392,245
4393,1383
4394,1383
4395,1383
4396,764
4397,570
4397,764
4398,292
4399,1422
4400,1385
4401,1385
4402,109
4403,108
4404,1194
4405,554
4406,1389
4407,1389
4408,1389
4409,1389
4410,1388
4411,1389
4412,1389
4413,1389
4414,1391
4415,1391
4416,1391
4417,1391
4418,1391
4419,1391
4420,1388
4421,840
4422,1394
4423,1453
4424,1395
4425,741
4426,1398
4427,1400
4428,1399
4429,467
4430,1317
4430,1403
4431,1318
4431,1403
4432,541
4433,542
4434,46
4435,1243
4436,1405
4437,1391
4438,1406
4439,1406
4440,543
4441,1328
4442,176
4443,179
4444,1247
4445,1409
4446,127
4447,252
4448,1027
4449,363
4450,90
4451,88
4452,882
4453,1328
4454,882
4455,247
4456,50
4457,1416
4458,1228
4459,1418
4460,1418
4461,1418
4462,1418
4463,1418
4464,611
4465,611
4466,1420
4467,1420
4468,1420
4469,447
4470,892
4471,1425
4472,1435
4473,1433
4474,1433
4475,1433
4476,1434
4477,1433
4478,1272
4479,882
4480,882
4481,1508
4482,95
4483,1211
4484,699
4485,907
4486,1439
4487,424
4488,1439
4489,1439
4490,388
4491,629
4492,1442
4493,353
4494,1443
4495,1443
4496,1204
4497,982
4498,278
4499,436
4500,1444
4501,1444
4502,641
4503,336
4504,336
4505,1446
4506,1445
4507,1091
4508,1093
4509,1444
4510,1447
4511,1447
4512,1447
4513,113
4514,112
4515,116
4516,112
4517,112
4518,1394
4519,1448
4520,884
4521,303
4522,1400
4523,1455
4524,1449
4525,1449
4526,1454
4527,1454
4528,390
4529,907
4530,1454
4531,1454
4532,468
4533,1066
4534,118
4535,1426
4536,1426
4537,140
4538,514
4539,448
4540,283
4541,283
4542,1455
4543,1455
4544,444
4545,1455
4546,1455
4547,13
4548,13
4549,1300
4550,1457
4551,1458
4552,374
4553,1458
4554,355
4555,829
4556,829
4557,1455
4558,1429
4559,1238
4560,869
4561,869
4562,1236
4563,750
4564,42
4565,1473
4566,1002
4567,1464
4568,1463
4569,471
4570,1412
4571,1412
4572,1110
4573,869
4574,698
4575,1237
4576,786
4577,1412
4578,1412
4579,560
4579,1077
4580,1456
4581,61
4582,938
4583,938
4584,938
4585,349
4586,1101
4587,1101
4588,1472
4589,1449
4590,1472
4591,776
4592,1442
4593,484
4594,484
4595,250
4596,1504
4597,985
4598,339
4599,340
4600,1099
4601,1099
4602,1100
4603,1124
4604,524
4605,1246
4606,1274
4607,1382
4608,804
4609,206
4610,313
4611,336
4612,1104
4613,306
4614,1408
4615,1406
4616,1406
4617,1407
4618,18
4619,18
4620,775
4621,1002
4622,363
4623,347
4624,1008
4625,353
4626,629
4627,421
4628,244
4629,588
4630,588
4631,439
4632,439
4633,336
4634,975
4635,975
4636,512
4637,842
4638,296
4639,1476
4640,1476
4641,1476
4642,841
4643,1209
4644,1209
4645,377
4646,47
4647,1493
4648,832
4649,353
4650,560
4651,560
4652,1481
4653,1481
4654,522
4655,1480
4656,1478
4657,1376
4658,1478
4659,506
4660,1479
4661,1477
4662,1492
4663,1488
4664,1488
4665,1491
4666,1488
4667,1488
4668,1489
4669,1490
4670,1477
4671,1099
4672,1101
4673,1101
4674,1482
4675,1380
4676,1495
4677,1494
4678,1495
4679,1494
4680,1495
4681,1495
4682,538
4683,1443
4684,43
4685,43
4686,43
4687,1504
4688,985
4689,1508
4690,1496
4691,4
4692,1498
4693,345
4694,324
4695,325
4696,326
4697,1208
4698,1208
4699,56
4700,1301
4701,1175
4702,1470
4703,1300
4704,112
4705,116
4706,794
4707,131
4708,31
4709,1499
4710,985
4711,1101
4712,461
4713,499
4714,183
4715,351
4716,353
4717,1500
4718,540
4719,215
4720,351
4721,913
4722,1300
4723,592
4724,1108
4725,196
4726,1138
4727,1500
4728,813
4729,1027
4730,899
4731,479
4732,480
4733,736
4734,274
4735,1500
4736,462
4737,818
4738,1501
4739,818
4740,1081
4741,1066
4742,284
4743,284
4744,1099
4745,1100
4746,268
4747,374
4748,226
4749,433
4750,900
4751,633
4752,236
4753,995
4754,196
4755,196
4756,997
4757,1300
4758,1300
4759,1241
4760,1242
4761,933
4762,933
4763,933
4764,1321
4765,951
4766,196
4767,196
4768,207
4769,901
4770,18
4771,630
4772,883
4773,450
4774,335
4775,449
4776,345
4777,347
4778,345
4779,346
4780,1340
4781,1340
4782,1376
4783,1376
4784,1078
4785,349
4786,349
4787,1262
4788,1005
4789,781
4790,1138
4791,1138
4792,381
4793,692
4794,706
4795,426
4796,426
4797,490
4798,966
4799,1115
4800,967
4801,960
4802,956
4803,956
4804,767
4805,374
4806,266
4807,1030
4808,1504
4809,259
4810,913
4811,1340
4812,985
4813,1504
4814,985
4815,985
4816,1504
4817,1504
4818,1504
4819,1504
4820,1504
4821,1504
4822,1504
4823,985
4824,985
4825,985
4826,1086
4827,1086
4828,436
4829,1112
4830,985
4831,1455
4832,985
4833,196
4834,196
4835,597
4836,195
4837,1412
4838,1412
4839,134
4840,136
4841,342
4842,676
4843,1489
4844,251
4845,857
4846,800
4847,1404
4848,186
4849,1250
4850,1250
4851,38
4852,31
4853,105
4854,403
4855,226
4856,226
4857,1311
4858,486
4859,13
4860,857
4861,874
4862,768
4863,1066
4864,439
4865,439
4866,439
4867,439
4868,439
4869,438
4870,438
4871,439
4872,436
4873,448
4874,448
4875,448
4876,448
4877,1272
4878,1494
4879,979
4880,1507
4881,1507
4882,1507
4883,1507
4884,1507
4885,183
4886,1507
4887,1508
4888,1508
4889,1175
4890,216
4891,1494
4892,1494
4893,184
4894,185
4895,436
4896,439
4897,439
4898,439
4899,439
4900,1509
4901,1509
4902,1509
4903,1509
4904,1509
4905,1509
4906,1422
4907,24
4908,203
4909,117
4910,742
4911,1481
4912,1261
4913,1425
4914,1425
4915,857
4916,90
4917,164
4918,692
4919,112
4920,37
4921,1261
4922,1261
4923,1261
4924,1261
4925,32
4926,32
4927,1261
4928,908
4929,908
4930,908
4931,240
4932,737
4933,1398
4934,798
4935,798
4936,365
4937,1161
4938,1161
4939,857
4940,1283
4941,112
4942,1086
4943,1086
4944,496
4945,871
4946,1285
4947,1197
4948,48
4949,884
4950,883
4951,889
4952,884
4953,295
4954,293
4955,883
4956,884
4957,884
4958,974
4959,1436
4960,1316
4961,497
4962,497
4963,1028
4964,351
4965,1422
4966,353
4967,353
4968,287
4969,716
4970,842
4971,1044
4972,1501
4973,777
4974,690
4975,842
4976,1260
4977,480
4978,553
4979,1488
4980,1491
4981,28
4982,1389
4983,363
4984,1028
4985,1451
4986,1086
4987,1086
4988,1086
4989,720
4990,226
4991,526
4992,863
4993,345
4994,347
4995,597
4996,597
4997,1506
4998,1506
4999,70
5000,112
5001,112
5002,167
5003,1062
5004,439
5005,116
5006,1166
5007,777
5008,455
5009,1298
5010,900
5011,346
5012,347
5013,292
5014,1359
5015,1360
5016,196
5017,196
5018,268
5019,90
5020,28
5021,116
5022,116
5023,1138
5024,1369
5025,1491
5026,228
5027,581
5028,397
5029,240
5030,960
5031,1172
5032,1172
5033,580
5034,1301
5035,747
5036,901
5037,902
5038,894
5039,207
5040,1301
5041,580
5042,1301
5043,580
5044,1101
5045,1101
5046,432
5047,1470
5048,611
5049,611
5050,611
5051,18
5052,1374
5053,555
5054,1138
5055,439
5056,287
5057,289
5058,7
5059,285
5060,286
5061,90
5062,1517
5063,1517
5064,149
5065,1311
5066,1311
5067,128
5068,128
5069,129
5070,480
5071,631
5072,1166
5073,1518
5074,1270
5075,1270
5076,1269
5077,1269
5078,128
5079,128
5080,128
5081,128
5082,128
5083,129
5084,128
5085,128
5086,128
5087,128
5088,728
5089,581
5090,292
5091,1169
5092,985
5093,875
5094,1300
5095,1098
5096,1519
5097,1520
5098,1101
5099,1101
5100,703
5101,1099
5102,397
5103,855
5104,1241
5105,84
5106,1099
5107,963
5108,963
5109,1522
5110,1288
5111,1289
5112,54
5113,1288
5114,1270
5115,1270
5116,1270
5117,1342
5118,1086
5119,116
5120,1101
5121,480
5122,1418
5123,1519
5124,32
5125,1288
5126,102
5127,1410
5128,1456
5129,19
5130,18
5131,18
5132,18
5133,85
5134,1086
5135,312
5136,28
5137,1123
5138,1123
5139,1242
5140,892
5141,97
5142,1086
5143,35
5144,1372
5145,196
5146,806
5147,1093
5148,1375
5149,894
5150,894
5151,688
5152,1437
5153,336
5154,837
5155,47
5156,52
5157,118
5158,502
5159,31
5160,799
5161,799
5162,927
5163,6
5164,693
5165,694
5166,694
5167,694
5168,693
5169,694
5170,35
5171,292
5172,112
5173,10
5174,196
5175,196
5176,349
5177,1184
5178,262
5179,241
5180,1027
5181,987
5182,697
5183,697
5184,697
5185,515
5186,1041
5187,770
5188,1317
5189,1317
5190,1306
5191,244
5192,1170
5193,32
5194,1090
5195,1170
5196,567
5197,565
5198,1207
5199,1212
5200,1212
5201,1302
5202,1449
5203,1449
5204,1291
5205,1509
5206,1509
5207,1509
5208,1509
5209,1509
5210,757
5211,697
5212,697
5213,697
5214,1114
5215,1114
5216,254
5217,1114
5218,1114
5219,1114
5220,1114
5221,1114
5222,1073
5223,1073
5224,1114
5225,1114
5226,1114
5227,1114
5228,599
5229,857
5230,1509
5231,797
5232,797
5233,626
5234,613
5235,628
5236,1313
5237,1412
5238,1412
